id,location
1,"3904 Cannon Ways,
Hawkinsfort, KS 66839"
2,"75918 Price Turnpike,
Campbellbury, OH 44272"
3,"2660 Amanda Springs,
West David, OH 43468"
4,"713 Alice Streets,
East Adam, MS 39503"
5,"31393 Weaver Grove,
Ruthberg, SD 57700"
6,"411 Wendy Views,
Fischerland, NH 03061"
7,"86854 Taylor Garden,
Brendanfort, MN 56737"
8,"19452 Morgan Turnpike,
East Kathleenstad, FL 33195"
9,"8723 Thompson Valley,
West Micheleburgh, WY 82221"
10,"66716 Hernandez Green,
North Crystal, IL 62441"
11,"063 Moss Common,
Mirandaborough, VA 24230"
12,"4457 Heather Rapid,
Nancyberg, AR 72527"
13,"638 Christopher Trace,
Thompsonstad, MT 59913"
14,"592 Cortez Club,
South Samuel, PA 19369"
15,"98965 Miranda Lodge,
North Meganmouth, TX 76444"
16,"9779 Lewis Forges,
East Kenneth, MT 59073"
17,"076 Martin Corners,
North Maria, NY 10803"
18,"9874 Dixon Square,
Christinahaven, MD 21161"
19,"00994 Sonya Shoal,
Lake Charlesview, FL 33675"
20,"0422 Arthur Place,
Mcdanielville, CO 80824"
21,"0890 Michael Mission,
Johnfurt, NC 28430"
22,"9491 Julie Mill,
Claytonfurt, ME 04775"
23,"326 Li Cape,
Brownfurt, OH 44402"
24,"276 Sherri Vista,
South Saratown, MI 48886"
25,"024 Walsh Ford,
Lake Brandon, UT 84136"
26,"736 Cooper Centers,
East Deborahbury, IL 60419"
27,"530 Kelli Land,
Lake Michael, TX 78594"
28,"9406 Johnson Trace,
Castroville, NC 28901"
29,"49455 Tammy Skyway,
Millerland, FL 34210"
30,"170 Michael Parkway,
Port Jeffrey, NC 27573"
31,"7613 Gray Turnpike,
Lake Eric, SC 29504"
32,"9704 Wagner Villages,
North Yvettehaven, MO 63445"
33,"3471 Pope Villages,
Tuckershire, AL 35543"
34,"928 Yang Lights,
Rodriguezstad, CA 93774"
35,"5490 Solomon Mission,
Jimenezmouth, TX 77707"
36,"6342 Cohen Heights,
East Gina, MI 48348"
37,"116 May Light,
Steelemouth, AR 72615"
38,"9598 Smith Port,
East Allentown, CT 06538"
39,"5915 Jerry Shore,
Lake Dustin, PA 18322"
40,"6176 Ashley Overpass,
Donovanland, ND 58565"
41,"48452 White Field,
Timothyburgh, WI 54645"
42,"4837 Waller Loop,
North Chaseshire, CA 95368"
43,"732 Moon Meadows,
Heatherborough, ME 04402"
44,"63891 Nathan Trace,
East Carolside, CA 95929"
45,"1299 Bobby Wall,
Richardtown, UT 84134"
46,"6687 John Parkways,
Lake Jeffrey, ID 83686"
47,"7410 Allen Villages,
West Ginabury, MI 49630"
48,"4303 Rebecca Ports,
South Tina, LA 70728"
49,"621 Haynes Dale,
New Davidfurt, KY 40313"
50,"7886 Annette View,
New Lisa, FL 32959"
51,"70731 David Shoals,
New Megan, OH 44846"
52,"258 Clark Burg,
East Brandy, VI 00851"
53,"292 Flores Loop,
Garrettfurt, MI 48157"
54,"05886 Rush Pike,
Port Kaitlyn, WI 54618"
55,"85123 Salazar Road,
Brownmouth, OK 74764"
56,"67235 Amanda Ville,
Derekberg, FL 32595"
57,"525 Schwartz Drives,
North Kimberly, MI 48215"
58,"905 Danielle Burgs,
Janicemouth, CA 94140"
59,"8656 Conway Plaza,
West Oscar, NE 69167"
60,"6295 Ryan Drive,
Smithfurt, SD 57269"
61,"1748 Kenneth Place,
East Sarah, FL 32595"
62,"345 Katherine Inlet,
South Cody, CA 90290"
63,"03992 Kenneth Path,
West Josemouth, IN 46332"
64,"5343 Duran Path,
Pittmanbury, AL 35473"
65,"3836 Ray Cliffs,
Anthonyhaven, PA 16515"
66,"61229 Anderson Pines,
Martinbury, CA 92119"
67,"624 Philip Fork,
Dyerberg, OH 45776"
68,"42297 Murphy Mountains,
Lisaville, IL 61064"
69,"49702 Brian Creek,
Port George, TN 37314"
70,"8263 Sarah Locks,
New Robert, PA 17236"
71,"3769 Irwin Station,
South Davidfort, IA 50323"
72,"592 Mitchell Inlet,
Lake Jade, GA 30511"
73,"883 James Overpass,
Lake Danielle, ND 58843"
74,"6780 Anthony Island,
West Stacy, VA 23161"
75,"895 Sherry Well,
Matthewshire, IA 50120"
76,"303 Bartlett Ford,
Mikeland, ID 83440"
77,"0720 Daniel Passage,
Garciafurt, LA 70540"
78,"56397 Parrish Square,
Lake Jesseburgh, TX 78596"
79,"912 Miranda Knoll,
Frederickfort, MT 59913"
80,"74628 Olivia Views,
East Michaelborough, KY 42735"
81,"66481 Davis Squares,
North Randyfort, CA 94709"
82,"86086 Gavin Centers,
Port Heatherton, MT 59773"
83,"7945 Katherine Street,
Benjaminmouth, WV 25231"
84,"6397 Andrea Divide,
Boyerfurt, MO 64106"
85,"59135 Davis Plains,
Coxfurt, NM 88034"
86,"1405 Connie Roads,
Johnnyland, TX 79954"
87,"8154 James Spring,
Hansenhaven, FL 33062"
88,"5222 Gonzalez Forks,
Martinezmouth, NJ 08559"
89,"293 Mason Ports,
Daveville, NY 12181"
90,"469 Jennifer Estate,
South Jessicaborough, NM 87116"
91,"00756 Laura View,
Bentonmouth, OK 73532"
92,"771 Mason Lock,
Stevenfurt, NV 89711"
93,"9367 Jim Branch,
Martintown, NY 12410"
94,"0007 Ross Harbor,
Lake Ernestmouth, WY 82201"
95,"04988 Solis Stravenue,
Barrybury, AZ 85939"
96,"50986 Roy Views,
New David, CO 80913"
97,"87062 Clarke Spring,
East Thomas, FL 32343"
98,"106 Weber Lodge,
Frankside, MN 55811"
99,"0700 Bender Common,
North Melvin, NY 12412"
100,"39415 Melissa Valley,
Erichaven, PA 18049"
101,"3502 Christine Trail,
Shannonstad, VT 05088"
102,"856 Samantha Ferry,
Smithhaven, VT 05080"
103,"8721 Edwards Bypass,
Lopezview, IN 47320"
104,"08130 Taylor Lodge,
Morrisonside, CA 95005"
105,"97715 Anthony Park,
Smithshire, FL 32395"
106,"0964 Jackson Road,
Port Frederickport, TX 78387"
107,"408 Leon Estates,
Michaelville, KY 40995"
108,"993 Alexander Ridges,
Herringmouth, IL 62948"
109,"3593 Curry Unions,
Nicholshaven, KS 66077"
110,"0836 Romero Plain,
Port Kennethborough, VA 24176"
111,"2017 Eric Mountain,
Jenniferton, AL 35741"
112,"986 Donna Causeway,
Lake Laurieburgh, MN 55060"
113,"464 Brooks Mountains,
Davisstad, NC 28894"
114,"38579 Atkins Lights,
North Kathleenhaven, OK 73040"
115,"211 Gilbert Green,
Alisonborough, MO 64101"
116,"58295 Hampton Locks,
Kathleenmouth, IA 50220"
117,"43938 Griffin Freeway,
Elizabethton, OH 44372"
118,"450 Miller Gateway,
East Pamela, CO 80294"
119,"2713 Douglas Views,
East Clairemouth, VA 23308"
120,"495 Howell Road,
West Peggystad, SC 29164"
121,"659 Thomas Mall,
Scottside, NJ 07936"
122,"20720 Aaron Meadow,
East Kenneth, IN 47648"
123,"88127 Henderson Walk,
Lake Elizabethmouth, PA 15639"
124,"2783 Kevin Forge,
Millerfurt, NJ 08350"
125,"31559 Sanchez Plain,
Lake Shelly, CA 95122"
126,"7773 Adam Ports,
South Janicebury, VA 22473"
127,"1621 Rodriguez Keys,
Davidbury, TN 37025"
128,"44697 Miguel Flat,
East Roberto, KY 40059"
129,"35232 Ramirez Drives,
Pachecomouth, CA 92175"
130,"4066 Michael Ranch,
Port Brendashire, NY 12451"
131,"79686 Cindy Lights,
Reedview, WV 25811"
132,"54759 Howard Oval,
South Katrinamouth, FL 32712"
133,"411 Jeffrey Dale,
Rebeccastad, IL 61490"
134,"494 Linda Circle,
Frederickland, OH 43802"
135,"932 Guzman Estates,
Phillipschester, ND 58029"
136,"7023 Welch Divide,
Shannonland, CA 91302"
137,"5423 Gaines Skyway,
Corybury, AK 99649"
138,"32118 Matthew Circles,
South Amanda, NJ 07663"
139,"0189 Martinez Village,
Deborahport, MD 21505"
140,"461 Jones Divide,
West Tylerfort, CO 80902"
141,"34406 Kelly Keys,
Melaniefurt, IA 50664"
142,"70250 Glover Stream,
Alyssastad, TX 75653"
143,"32208 West Plains,
East Jakeville, MA 01062"
144,"471 Meyer Circle,
East Terri, TX 75014"
145,"683 Melissa Bypass,
Floresstad, CT 06911"
146,"882 Amanda Port,
Brittanyburgh, PA 15401"
147,"72454 Victoria Drive,
South Marcusport, MT 59454"
148,"96376 Alvarez Haven,
North Amber, NJ 07023"
149,"00512 William Alley,
New Darlenebury, NC 27009"
150,"0370 Sparks Ford,
Turnerborough, UT 84171"
151,"80828 Rachel Stream,
Stephenmouth, MA 02744"
152,"79048 Cody Crossroad,
West Lisatown, TX 76252"
153,"45096 Tyler Station,
Keyshire, SC 29608"
154,"83994 Smith Mills,
Masonchester, IL 61345"
155,"2873 Dudley Islands,
Xavierville, KY 42753"
156,"460 Christina Ferry,
Lake Amberchester, GA 31767"
157,"217 Patricia Flat,
Harrisberg, IA 52064"
158,"05218 Derrick Gardens,
Tracymouth, CA 92336"
159,"3111 Woodard Mews,
South Gary, SD 57648"
160,"20785 Emily Shoals,
Port David, NY 12077"
161,"957 Jonathan Burgs,
South Courtneymouth, FL 32782"
162,"1880 Tracy Radial,
Lake Karenfurt, CT 06418"
163,"619 Karen Divide,
New Hannah, AK 99730"
164,"472 Peterson Branch,
East Nicoleside, HI 96822"
165,"652 Matthew Vista,
West Michael, PR 00918"
166,"0804 Cole Centers,
Port Melissamouth, OH 45463"
167,"2899 Rangel Street,
Wilsonbury, OR 97122"
168,"812 Ralph Curve,
Port Brendafort, WV 26755"
169,"72443 Harris Ranch,
Ellisfurt, NJ 08885"
170,"3462 Snyder Points,
Murrayfurt, MS 39088"
171,"960 Jennifer Neck,
Dayland, IN 46919"
172,"1605 Philip Shores,
Joshuachester, WV 25350"
173,"1381 Troy Bypass,
New Alyssaside, AK 99513"
174,"637 Ray Mews,
Lake Amyburgh, IN 47584"
175,"5935 Morgan Expressway,
New Dominic, AZ 86015"
176,"393 Ward Locks,
East Joanstad, LA 70639"
177,"2806 Megan Landing,
Parksfurt, WV 24712"
178,"2833 Michael Gateway,
West James, IA 51653"
179,"74481 Hayden Keys,
East Mary, WV 25008"
180,"0771 Hailey Harbor,
New Davidberg, NE 68068"
181,"525 Jonathan Inlet,
Warnerburgh, TX 78219"
182,"78566 Wood Road,
Drewberg, AR 72377"
183,"66302 Randy Underpass,
Jacquelineburgh, MA 01568"
184,"160 Tucker Plains,
Port Cody, AL 35462"
185,"6332 Hill Tunnel,
Christinastad, PA 16863"
186,"416 Brooke Fall,
Jamesborough, AL 35634"
187,"171 Tina Ports,
Christinaborough, IL 60516"
188,"13260 Alice Cliffs,
Duncanton, SC 29146"
189,"0504 Payne Junctions,
Bradleychester, MI 48809"
190,"211 Townsend Landing,
South Michaelfurt, PR 00661"
191,"92703 Kayla Wall,
East Joshua, CA 95314"
192,"13692 Beth Harbors,
North Nicoleborough, IL 62022"
193,"511 Sandra Orchard,
Port Shirley, MN 55925"
194,"55776 Barnes Road,
Beckerville, MI 49106"
195,"796 Miranda View,
Martinezview, NJ 08218"
196,"5704 Moore Greens,
Shortfurt, TN 37080"
197,"02057 Williams Valleys,
Port Courtneychester, PA 15238"
198,"838 Roberts Roads,
New Sarah, WY 82833"
199,"86335 Ibarra Route,
South Anthonyberg, NY 12878"
200,"780 Kenneth Meadows,
Lake Tina, LA 71240"
201,"058 Everett Views,
Lauraport, OR 97036"
202,"88164 Miller Summit,
Port Chelseaberg, MN 55578"
203,"26231 Medina Crest,
Freyview, TX 75709"
204,"7181 Glenn Key,
South Krystalbury, SC 29082"
205,"43469 Brooks Points,
West Jeffreyburgh, OK 74535"
206,"3258 Kenneth Ridge,
West Francischester, IL 60466"
207,"573 Amy Lights,
Ashleemouth, WA 98471"
208,"94847 Burke Circles,
Watsonville, MN 56469"
209,"93258 Miller Pass,
North Rachelfort, NY 10304"
210,"26507 Bennett Trail,
Rachelmouth, PA 17581"
211,"80477 James Camp,
Welchchester, CA 91470"
212,"804 Daniel Manors,
New Stephanie, CA 92126"
213,"2569 Edwards Vista,
East Jeffrey, AL 35068"
214,"58944 Dean Falls,
Ortegamouth, NY 12872"
215,"194 Gregory Alley,
Andersonton, WI 53449"
216,"775 Elizabeth Club,
Port Harry, VT 05839"
217,"111 Austin Shoals,
Blevinsport, PA 19925"
218,"941 Johnson Heights,
Lake Alisha, NY 14420"
219,"10871 Ibarra Underpass,
East Melinda, IL 60513"
220,"92065 Thomas Knolls,
Danielchester, AR 71653"
221,"9004 Wells Plaza,
Port Sheliahaven, PA 15320"
222,"16945 Christine Shoals,
Contrerasfurt, PA 18252"
223,"97629 Christie Extension,
Catherineside, CA 94293"
224,"4953 Allen Dale,
South Michaelstad, IL 62089"
225,"48092 Galloway Shoals,
Port Courtney, OH 45884"
226,"69922 Charles Passage,
Cowanland, AR 72045"
227,"8467 Johnson Islands,
Lake Ericfort, TX 77963"
228,"725 Matthew Fort,
Martinbury, MN 56214"
229,"483 Palmer Viaduct,
East Wesleyside, TX 77969"
230,"70805 Patricia Rapids,
Markshire, WI 53280"
231,"2586 Gerald Plain,
North Jane, MA 01904"
232,"308 Jill Villages,
West Curtis, CO 80255"
233,"3695 Andrew Gateway,
New Kellyville, PR 00690"
234,"143 Michael Mission,
North Brady, CA 93646"
235,"948 Marvin Ferry,
Michelleton, MN 56166"
236,"87893 Scott Springs,
Andrewside, LA 70549"
237,"74120 Timothy Keys,
Shawville, MA 01835"
238,"68925 Maria Island,
Paigeburgh, PA 19484"
239,"246 Brown Rue,
Nelsonville, SC 29650"
240,"2067 Katrina Brook,
Hansenhaven, OH 45277"
241,"7242 Mcmahon Harbors,
Port Robertfort, NC 28421"
242,"13489 Amy Orchard,
Romanborough, IA 51450"
243,"64105 Patrick Springs,
Amberport, IA 50601"
244,"176 Andrade Trafficway,
Jamesland, PA 18953"
245,"492 Reginald Groves,
Sullivanmouth, CA 92066"
246,"61084 Timothy Divide,
Larryville, MO 64668"
247,"71571 Walton Street,
Hectorfurt, MS 39483"
248,"05471 Nathan Ways,
Charlesland, TX 88581"
249,"185 Xavier Stream,
East Gloriabury, OH 44302"
250,"78061 David Cove,
New Amanda, IL 60416"
251,"380 Walker Loop,
Lake Claudia, AR 72179"
252,"43710 Julie Run,
South Marcusmouth, MA 01469"
253,"4588 Eric Run,
Port Amandaside, PA 17534"
254,"07089 Gomez Islands,
Jeffreyport, GA 31833"
255,"7804 Joel Plaza,
Austinchester, GA 30332"
256,"806 Hunt Lake,
West Emilymouth, AR 71957"
257,"13022 Laurie Springs,
Pinedafurt, ME 04552"
258,"07056 Harris Meadow,
North Beth, WA 98904"
259,"808 Gutierrez Haven,
Kellyland, UT 84097"
260,"1075 Mccoy Vista,
Lake Andrew, KY 40818"
261,"539 Ruiz Fords,
West Markmouth, SC 29608"
262,"4261 Kaylee Ports,
Lake Marcburgh, NY 11788"
263,"634 Patrick Burgs,
Gilbertton, AZ 85356"
264,"263 Patricia Inlet,
East Heidi, NE 68127"
265,"699 Thomas Plain,
Allentown, GA 31534"
266,"771 Matthew Causeway,
Christianborough, FL 32860"
267,"006 Laura Inlet,
Andrewstad, IA 52647"
268,"91739 Martinez Camp,
North Brandyburgh, IA 50139"
269,"38457 Peterson Extension,
Boyerland, SD 57242"
270,"69376 Jason Expressway,
North Mia, WA 98207"
271,"771 Hannah Corners,
East Ryanmouth, AL 36454"
272,"81905 Andrew Well,
Lake Pamela, TX 88541"
273,"45023 Brown Corners,
Lake Nataliemouth, VT 05875"
274,"848 Huang Light,
Stevenmouth, UT 84190"
275,"12921 Velazquez Island,
South Alexandraside, AL 35077"
276,"09589 Ware Estates,
Gilmorebury, CA 94244"
277,"12208 Stephanie Haven,
Aaronport, SC 29638"
278,"813 Gina Cliff,
Mooreville, KS 66944"
279,"544 Alvarez Throughway,
Jessicamouth, HI 96725"
280,"205 Robert Island,
Jonesmouth, TX 78130"
281,"8891 Hanson Glens,
Port Crystal, KS 66117"
282,"851 Phillips Pine,
Sharonside, OH 45740"
283,"31358 Davidson Summit,
Port Antonioton, AR 71839"
284,"86679 Timothy Ports,
Martinberg, AZ 86351"
285,"89441 White Grove,
Duranshire, IA 52405"
286,"64479 Dustin Hollow,
Alexandermouth, KS 67845"
287,"6230 Robinson Fields,
Sergiobury, PA 16503"
288,"70559 Barrett Lane,
Butlerbury, VA 23064"
289,"20774 Mcintyre Islands,
New Thomas, WI 53595"
290,"023 Sheri Burg,
North Kimberlyfurt, IA 52228"
291,"8408 Dean Mount,
Michaelbury, CA 93928"
292,"87740 Dustin Springs,
Brownchester, TX 77477"
293,"81684 Bates Turnpike,
Johnsonberg, MN 56569"
294,"034 John Inlet,
West Jonathanside, UT 84408"
295,"66750 Brown Groves,
Gilbertside, IA 51463"
296,"4418 Spencer Coves,
New George, IA 51360"
297,"45082 Donald Haven,
South Jessica, NY 11020"
298,"3867 Lori Prairie,
Roberthaven, MI 48720"
299,"69042 Wood Light,
Lake Kellyville, DE 19711"
300,"1137 Matthew Knoll,
Williamsborough, WI 54561"
301,"731 Klein Forge,
Danielleborough, AR 71966"
302,"74968 Jackson Union,
Wilsonburgh, CA 91129"
303,"99402 Young Springs,
New Andreberg, CO 81064"
304,"4375 William Course,
Wagnerberg, ID 83335"
305,"61886 Cameron Isle,
Jackfort, ME 04760"
306,"383 Baldwin Divide,
Pamburgh, WA 98331"
307,"15294 Sara Village,
Port Blakeport, IA 51551"
308,"1119 Joshua Rapids,
Chadport, KS 67401"
309,"396 Rodney Ports,
North Michelleland, UT 84044"
310,"1940 King Trace,
North Matthewberg, GA 30079"
311,"910 Perry Skyway,
Kristinaborough, NC 28694"
312,"613 Cameron Throughway,
South Allen, TN 37644"
313,"24840 Edward Street,
South Sharon, CA 94497"
314,"016 Robert Square,
Kruegerview, KY 40831"
315,"748 Kelly Way,
South Thomasburgh, AR 72902"
316,"48036 Ryan Junction,
Wilsonland, MI 48611"
317,"9442 Harris Vista,
South Anthonymouth, IA 50587"
318,"95104 Gonzales Heights,
Jamesland, MA 02169"
319,"1060 Hall Lodge,
Cannonborough, OK 74435"
320,"30297 Ross Crest,
Sullivanhaven, ID 83611"
321,"068 Leah Prairie,
North Wendyfurt, NJ 08561"
322,"6844 Cassandra Highway,
New Brian, FL 33682"
323,"33404 Michael Extension,
Cameronchester, FL 34474"
324,"8974 Kelly Drive,
Lake Brandi, TX 78553"
325,"90705 Christopher Circles,
Port Kennethmouth, IA 52403"
326,"8675 Nicholas Meadows,
Lake Jacob, TN 37235"
327,"9616 Kenneth Trafficway,
Ashleeport, WV 26422"
328,"7518 Debbie Ports,
Mckayland, TX 76017"
329,"748 Jonathan Meadow,
West Sharon, MA 01604"
330,"28053 Elliott Highway,
New Brianside, KS 67938"
331,"684 Sharon Springs,
Whitefurt, FL 32644"
332,"796 Jonathan Estates,
East Patrick, WI 53281"
333,"3481 Joshua Neck,
Jeffland, TX 79034"
334,"83410 Lori Lane,
Lake Mariamouth, MO 63367"
335,"16676 Riley Summit,
Garzaport, KY 41607"
336,"5659 Kathryn Corners,
Tonychester, FL 32701"
337,"8970 Randy Turnpike,
North Michaelbury, DC 20059"
338,"574 Dawn Stream,
Lake Kristentown, NE 68663"
339,"985 Kane Fort,
West Peter, NY 13062"
340,"4882 Amber Trace,
North Joshuaburgh, VA 24104"
341,"2393 Nicole Dale,
Nelsonhaven, PA 18448"
342,"53669 Daniel View,
West Andrewborough, WA 98683"
343,"30199 Tammy Forge,
New Eric, MO 64070"
344,"980 Rogers Oval,
South Christinamouth, IL 61540"
345,"390 Eric Circles,
Lindsaymouth, WI 54872"
346,"4495 Amanda Summit,
West Tracyshire, FL 34729"
347,"867 Chambers Terrace,
Susanborough, OH 45768"
348,"689 Daniel Prairie,
Susanmouth, WI 53177"
349,"17272 Hernandez Orchard,
Huffside, WA 98421"
350,"26596 Tiffany Terrace,
Williamhaven, WV 25719"
351,"182 Steven Hill,
West Stacyland, PA 16629"
352,"893 Wilson Isle,
Lake Rebecca, MT 59923"
353,"45787 Morgan Highway,
Port Christinafurt, MT 59219"
354,"97680 King Loop,
Johnsonhaven, VA 23123"
355,"77452 John Branch,
Timothyfurt, CO 80824"
356,"48122 Grant Path,
East Jesseborough, MN 56761"
357,"043 Watkins Bypass,
North Alexandershire, IA 50311"
358,"572 Victoria Parkways,
New James, NY 11797"
359,"128 Kevin Highway,
North Nicoleport, NE 68714"
360,"54605 Joseph Union,
Lake Lisaside, KY 41649"
361,"2514 Mary Stravenue,
South Kristin, VA 22937"
362,"907 Jennifer Meadows,
Hillton, FL 32931"
363,"012 Adam Union,
North Brittney, ND 58318"
364,"29015 Mack Road,
New Martin, OH 44408"
365,"588 Brad Burgs,
West Jacob, VA 23551"
366,"609 Nguyen Court,
Amandaborough, VA 23022"
367,"04696 Anna Spurs,
Port Mary, NJ 07034"
368,"998 William Fords,
Ramirezshire, MN 56511"
369,"6854 Smith Crescent,
Davidland, NJ 07933"
370,"085 Angela Unions,
East Rhonda, MA 01845"
371,"28509 Joy Trafficway,
Joshuaport, IA 51231"
372,"465 Chambers Underpass,
Stephenmouth, NC 27703"
373,"87397 Dana Turnpike,
Wagnermouth, IA 51436"
374,"49803 Beck Divide,
New Andrew, MD 20720"
375,"2310 Daniel Expressway,
Dunnland, CT 06501"
376,"54713 Castillo Inlet,
Lake Russell, NE 68454"
377,"77552 Carly Streets,
Timothymouth, WV 26259"
378,"213 Tammy Greens,
West Jenniferburgh, AL 36425"
379,"59707 Brian Coves,
Port Tinaville, PA 18084"
380,"490 James Pike,
New Timothyfort, UT 84604"
381,"9857 Dennis Summit,
West Kyle, PA 19480"
382,"294 Roger Centers,
Lake John, MI 49948"
383,"64296 Burns Estate,
New Adamburgh, SD 57534"
384,"6619 Anderson Cove,
Sanchezmouth, NY 12236"
385,"0144 Brooke Drives,
North Christine, TX 78950"
386,"4946 Denise Isle,
Ewingchester, MO 63038"
387,"7104 Alexander Village,
West Kimberlyborough, PA 17323"
388,"0827 Frost Mountains,
Antonioborough, IN 46055"
389,"133 Amy Pike,
North Richardfurt, FL 32654"
390,"830 Michael Pines,
Pattersonchester, GA 31539"
391,"525 Charlotte Way,
Timothytown, KS 67850"
392,"4623 Thomas Lights,
Choishire, NY 12244"
393,"615 Johnny Estates,
Joneston, ID 83714"
394,"5808 Steven Mall,
New Tammy, MI 48045"
395,"3885 Stone Ridge,
North Ethan, PA 16616"
396,"0956 Jessica Station,
Jasonfurt, LA 71448"
397,"313 Karen Squares,
West James, PA 16835"
398,"546 Alyssa Square,
Lewisstad, CA 96134"
399,"540 Thompson Extension,
Rodneyborough, CA 93041"
400,"9280 Bridget Flat,
South John, IL 62544"
401,"34260 Flores Springs,
Larrystad, KY 40229"
402,"1098 Randall Lock,
Lynnbury, MD 21792"
403,"86740 Amanda Parks,
Port Michellefurt, TX 77204"
404,"679 Bryant Meadows,
Karafurt, NJ 07502"
405,"65926 Daniel Well,
Starkborough, NY 11599"
406,"856 Graves Mount,
Hamiltonfurt, FL 34113"
407,"231 Walker Cliff,
Hollyhaven, SD 57239"
408,"15574 Rodriguez Unions,
Lloydburgh, NC 28097"
409,"84633 David Heights,
New Bruce, OR 97117"
410,"880 Lyons Extension,
South Matthew, KY 40940"
411,"87828 Briana Lodge,
Benjaminstad, WV 26508"
412,"272 Gregory Run,
Davidstad, CA 92363"
413,"69340 York Tunnel,
Lake Richard, TX 78004"
414,"534 Baker Squares,
New Joseph, MN 56168"
415,"11669 Davis Ville,
Port Kimberlyhaven, TX 75313"
416,"022 Lisa Bypass,
New Heather, LA 71343"
417,"10973 Albert Vista,
Wandaborough, DC 20011"
418,"1382 Joshua Run,
Janetport, LA 71334"
419,"41537 Melissa Lock,
Campbellfort, OK 74366"
420,"7182 Mary Spring,
Sarahburgh, VA 23832"
421,"4321 Latoya Via,
Myersside, MO 63099"
422,"152 Dalton Haven,
Hendersonville, MO 65355"
423,"6590 Jackson Dam,
Port Sandratown, NJ 08312"
424,"00676 Steven Causeway,
Friedmanbury, MN 56458"
425,"777 Harry Parks,
Port Jerry, OH 43755"
426,"746 Kelly Skyway,
Dicksonshire, CA 95055"
427,"455 Kelli Circles,
Foxshire, IN 46052"
428,"5621 Kimberly Meadow,
Lake Lindsey, OH 45897"
429,"53903 Fitzgerald Lakes,
Port Michelle, TX 76459"
430,"130 Smith Harbor,
Amymouth, MO 63103"
431,"0089 Julie Fields,
Colehaven, NC 28530"
432,"57036 Christopher Hills,
Felicialand, IN 47108"
433,"711 Smith Islands,
East Christophermouth, AR 71937"
434,"1758 Williams Forks,
Rogersside, NC 27713"
435,"9564 Taylor Street,
Aguilarville, CO 80218"
436,"92196 Sanchez Lights,
Hunterstad, IL 62892"
437,"53457 Johnson Wells,
Port Amandamouth, NY 10177"
438,"415 Robert Viaduct,
Port Charlesborough, NE 69334"
439,"54391 Lee Parkways,
Charleneburgh, GA 31156"
440,"876 Rodriguez Stravenue,
South Vanessa, MN 55573"
441,"24009 Jacqueline Plaza,
New Ryan, TX 78951"
442,"8793 Michelle Gateway,
Lake Frank, TX 75069"
443,"41382 Robinson Viaduct,
South Michaela, TX 78548"
444,"0032 Scott Squares,
Adamsshire, MI 49460"
445,"149 Ryan Club,
Harrisburgh, SD 57003"
446,"0005 Emily Island,
Lake Kenneth, NY 12961"
447,"25388 Brown Estate,
North Stevenhaven, CA 94259"
448,"006 Jennifer Garden,
West Jessicastad, OH 44104"
449,"82082 Charles Shoal,
East Brett, OR 97040"
450,"32112 Davis Loaf,
East Josephport, NH 03745"
451,"71478 Samuel Islands,
Porterbury, KS 66066"
452,"4692 Clarke Meadows,
Cortezhaven, CA 92118"
453,"9031 Bradley Heights,
New Ricardo, TX 76803"
454,"3478 Courtney Plains,
Deborahberg, CA 95021"
455,"77729 Stephanie Locks,
New Jodyland, NC 27532"
456,"08442 Tucker Springs,
South Jessicamouth, NE 68015"
457,"1874 Elizabeth Extension,
Jamesbury, FL 34996"
458,"7627 Stewart Ports,
New Bonnie, NJ 07829"
459,"19929 Carla Camp,
Blairmouth, TN 38007"
460,"9307 Harrell Mission,
Crystalland, ME 04614"
461,"6389 David Garden,
Teresastad, CO 81066"
462,"4119 Powell Mission,
North Michelle, TN 37136"
463,"63374 Sandra Cliff,
Larrymouth, FL 32966"
464,"75783 Mullen Brook,
New Derrick, KS 67639"
465,"974 Katherine Lodge,
North Theresa, IL 62930"
466,"8845 Mary Spurs,
Lake Mario, GA 31499"
467,"1658 Thomas Gardens,
Port Meghanchester, TX 78745"
468,"492 Wise Coves,
Mcmillanberg, VA 23404"
469,"8445 Robinson Keys,
West Maryborough, WV 25365"
470,"169 Bridget Island,
Port Kellymouth, SD 57031"
471,"70473 Snyder Wall,
South Karenfort, FL 33193"
472,"07730 Farmer Port,
New Aaronborough, NE 68345"
473,"38636 Joseph Forest,
Higginsbury, KY 42742"
474,"80540 Sawyer Ranch,
Tammychester, PA 16725"
475,"59504 Fox Heights,
Vanessafort, PA 19557"
476,"30553 Miller Burgs,
Fullermouth, ID 83810"
477,"990 Tucker Trail,
Reedville, VT 05832"
478,"62977 Marcus Lock,
South Amyburgh, WI 54470"
479,"92196 Patricia Valleys,
Lake Benjaminshire, UT 84038"
480,"3775 Jacob Crossroad,
Romeroshire, NE 69149"
481,"276 Jessica Keys,
Terrybury, CA 91001"
482,"7322 Santiago Groves,
Williamston, MD 21904"
483,"096 Victoria Forge,
Garciafort, NY 14127"
484,"25627 Brandon Lake,
Sarahshire, NY 11961"
485,"39042 Jeffrey Passage,
North Megantown, SC 29816"
486,"934 Lorraine Harbor,
West Kyle, VA 24092"
487,"259 Jessica Street,
Lake Anna, SC 29342"
488,"1353 Shannon Knolls,
Jamesborough, IA 52201"
489,"3330 Davenport Dale,
Lindsayport, PA 15744"
490,"086 Johnson Springs,
West Timothy, IN 46310"
491,"829 Walker Cove,
Port Jared, IL 60619"
492,"286 Conway Viaduct,
Smithberg, IL 61254"
493,"464 Erin Extensions,
South Andrewmouth, KY 41547"
494,"40615 Price Island,
Mcconnelltown, PA 15448"
495,"73990 Bailey Flats,
New Shaneside, GA 30596"
496,"688 Chavez Ville,
Lake Jimmy, NE 68310"
497,"497 Megan Lodge,
Teresachester, FL 32571"
498,"96333 Edwards Parks,
Port Heather, NY 12087"
499,"7059 Rangel Mill,
South Danielmouth, MI 49115"
500,"199 Johnny Mission,
New Mary, WV 25694"
501,"18459 Bowers Port,
Sallyside, NY 11583"
502,"876 Mark Lane,
West Leslie, MO 65203"
503,"139 Johnson Mountains,
North Robinfort, IN 46766"
504,"3654 Amy Locks,
Brucetown, FL 32653"
505,"1316 Arthur Spur,
Aguilarhaven, AL 35233"
506,"03610 Aaron Forest,
South Jonathanbury, MI 49690"
507,"986 Christine Avenue,
Stevensmouth, WV 25331"
508,"317 Jenkins Flat,
West Lisashire, FL 33868"
509,"30467 Eric View,
Jasontown, WY 82335"
510,"808 Thornton Cliff,
Osborneberg, MO 63043"
511,"9327 Gardner Land,
Paulview, IL 61942"
512,"340 Turner Stravenue,
East Peter, MA 05544"
513,"3196 Marc Flat,
New Robert, PA 15712"
514,"7534 Susan Greens,
South Jonathanshire, ND 58540"
515,"8169 Rebecca Spring,
Port Joy, AZ 85633"
516,"875 Davis Harbors,
South Timothymouth, MN 56569"
517,"352 Elizabeth Via,
Harrisland, NJ 07653"
518,"529 Hale Port,
Choiborough, TX 78631"
519,"18709 Steven Stravenue,
Garystad, MN 55347"
520,"6256 Alvarado Points,
New Rebecca, CT 06914"
521,"186 Mary Brooks,
New Craigport, TX 76245"
522,"613 Fisher Radial,
New Gregfurt, MI 48827"
523,"005 Alec Lights,
Port Tanya, OH 45214"
524,"2544 Isabel Ramp,
Lake Stevenberg, MS 39063"
525,"51008 Katherine Trail,
Murphychester, MI 49905"
526,"184 Matthew Mall,
Ashleymouth, SD 57005"
527,"6036 Angela Trail,
West Pamelaberg, OH 43346"
528,"770 Connie Village,
West Kevin, WV 25208"
529,"464 Cunningham Crossroad,
Hurstchester, FL 34284"
530,"304 Williams Well,
New Pamela, ID 83342"
531,"5805 Jason Plaza,
West Codyville, TN 38223"
532,"1402 Hurley Port,
Josephmouth, CA 93390"
533,"99887 Zamora Viaduct,
West Juliestad, WI 54405"
534,"21011 James Street,
Kevinchester, KS 67001"
535,"903 Alicia View,
Lake Robert, NY 12941"
536,"1246 Clark Hill,
Jerryville, IL 60522"
537,"233 Johnston Lodge,
Rodriguezport, MN 55943"
538,"101 Lee Inlet,
Taylorland, NJ 07827"
539,"76790 Smith Field,
Salazarbury, GA 30557"
540,"146 Lance Rue,
West Timothy, MT 59745"
541,"080 Christina Common,
North Josephville, AK 99519"
542,"02814 Michael Vista,
Melissahaven, MA 02131"
543,"536 Lopez Orchard,
Chandlershire, MN 56227"
544,"363 Zachary Land,
Coltonfort, OH 43821"
545,"28552 Diane Lodge,
New Brookemouth, OK 74081"
546,"6954 Amber Canyon,
South Ian, OR 97035"
547,"00922 Robert Fords,
West Elizabethshire, OK 74013"
548,"2588 Mary Lane,
Samanthamouth, IN 46415"
549,"1066 Jordan Street,
Port Peterhaven, OR 97041"
550,"726 Bauer Forest,
Knappmouth, ME 04947"
551,"5406 William Loaf,
Normanmouth, ND 58642"
552,"897 Lucas Fort,
Port Lesliehaven, CA 92263"
553,"0899 Herrera Dam,
Leonardville, IN 47203"
554,"428 Morris Squares,
South Erica, WA 98643"
555,"60400 Dana Terrace,
Jadeside, NE 69147"
556,"97511 Butler Road,
Alexanderview, CA 91007"
557,"4315 Margaret Way,
South Tony, PA 17023"
558,"98664 Norton Throughway,
Lake Vanessaton, IN 47909"
559,"98835 Buck Mission,
East Wendy, ND 58854"
560,"09406 Jackson Knolls,
Joanbury, VT 05775"
561,"18097 Joseph Greens,
Wilsonmouth, CA 95309"
562,"185 Wendy Plaza,
Zacharytown, KY 42254"
563,"73585 Brown Roads,
Port Melaniemouth, KS 67466"
564,"7358 Hamilton Bypass,
Lake Nicolemouth, GA 30627"
565,"780 Michael Mall,
Lake Leah, SC 29654"
566,"484 Edward Plains,
Aprilhaven, NY 14883"
567,"4824 Dean Brooks,
East Timothy, CA 94409"
568,"474 Petty Cliff,
Emilyland, FL 32348"
569,"52255 White Terrace,
Russellburgh, CA 94615"
570,"2281 Reeves Manor,
Carlafort, LA 71414"
571,"420 Sharp Street,
Larsonmouth, GA 30812"
572,"751 Ryan Cliffs,
Lake Connor, RI 02839"
573,"470 Robert Fork,
East Veronica, MT 59758"
574,"5112 Kelly Park,
Cindyfurt, TN 38103"
575,"72103 Berg Wells,
Samanthamouth, VA 24132"
576,"814 Newman Crossing,
Adrianfort, ND 58061"
577,"3922 Foley Inlet,
Lake Luke, SD 57571"
578,"97167 Moreno Rapids,
New Lawrencemouth, PA 16659"
579,"288 Roach Estate,
Port Crystalborough, PR 00970"
580,"10886 Martinez Centers,
Karenberg, CO 80729"
581,"35394 Johnson Stravenue,
Tylermouth, CA 95112"
582,"5026 Miller Cape,
South Alanberg, VT 05407"
583,"9196 Lee Drives,
Frenchstad, CA 95321"
584,"809 Cohen Roads,
West Ethan, VA 23509"
585,"310 Tiffany Mews,
North Roberto, FL 33022"
586,"9145 Alison Court,
Hernandezview, TN 38345"
587,"51513 Rogers Vista,
Adamshire, KY 42459"
588,"59650 Elizabeth Landing,
West Jordanland, CA 91896"
589,"5199 Greg Mountains,
Proctorfort, IL 61811"
590,"21253 Parker Courts,
North Victoria, OH 45877"
591,"39479 Johnson Station,
North Jesus, WA 98230"
592,"25384 Lewis Crossroad,
New Aaronhaven, TN 38224"
593,"93480 Laura Road,
Meganberg, NC 28458"
594,"69119 Sydney Knoll,
East Michelletown, MN 56249"
595,"042 Perry Stravenue,
Jeremystad, CA 94516"
596,"100 Thomas Viaduct,
Port Angel, IN 47613"
597,"937 Adam Village,
Smithhaven, ME 04471"
598,"6997 Velez Mount,
Paultown, OH 45695"
599,"017 Anna Canyon,
Christopherland, ME 04330"
600,"1826 Kelly Mall,
Bakerport, MI 49565"
601,"8370 Green Hills,
South Roymouth, KS 67333"
602,"231 Angela Keys,
Matthewstad, KY 42629"
603,"17248 Haney Points,
Wilsonfurt, ID 83348"
604,"8788 Daniel Springs,
New Tony, PA 17026"
605,"5575 Shawn Rapid,
Figueroamouth, NE 68848"
606,"703 Santiago Wells,
Lake Traceyview, KS 67137"
607,"5893 Sara Isle,
Justintown, OR 97752"
608,"8698 Beltran Crossroad,
Mcculloughtown, FL 32977"
609,"64703 Wilson Radial,
Leefurt, MI 48434"
610,"90009 Brandon Trafficway,
Lake Kaylee, NE 68104"
611,"8942 Steele Ramp,
Lindaside, GA 31098"
612,"529 Valerie Well,
West Angelport, MI 48429"
613,"0655 Wolf Springs,
Cookland, TX 77076"
614,"1278 Bennett Hollow,
North Melissahaven, PA 16861"
615,"19764 Perez Pass,
East Billyview, AR 72682"
616,"12582 Luis Stravenue,
Ginaville, MI 49648"
617,"057 Jacqueline Islands,
West Albertfort, OH 44483"
618,"58884 Cynthia Plaza,
Johnsontown, CA 95117"
619,"30502 Lucas Pike,
Joyceport, MO 63601"
620,"8485 Cheryl Estate,
Chrisfurt, GA 30822"
621,"66875 Moore Mills,
Hubbardborough, CO 81635"
622,"981 Jose Extensions,
Millerview, IA 52003"
623,"2572 Jensen Groves,
East Nicole, CA 94107"
624,"05879 Trujillo Crest,
Atkinsonberg, GA 30904"
625,"6934 Gregory Port,
South Kylefort, MD 21532"
626,"722 Cassandra Flats,
South Ashley, AL 36109"
627,"728 Amy Mall,
East Rebekah, MI 49611"
628,"59135 Amanda Gardens,
Bishopstad, MT 59319"
629,"61759 Jacqueline Pass,
South Crystal, OR 97502"
630,"69331 Stokes Villages,
Edwardville, OR 97498"
631,"6217 Vazquez Pine,
Jamesville, CA 94703"
632,"942 Mark Village,
East Traci, WV 24808"
633,"3501 Mary Lodge,
Yolandahaven, MA 02770"
634,"6182 Rachel Common,
Reillyport, VA 23439"
635,"2573 Johnson Pines,
Santiagoberg, OH 43347"
636,"8019 Nguyen Light,
Lake Rebecca, NY 10060"
637,"4397 Melanie Avenue,
Stonestad, MO 63438"
638,"99487 Cody Route,
East Davidmouth, MO 63784"
639,"06773 Alexandra Spur,
Lake Abigailtown, NY 13087"
640,"79365 Jessica Gateway,
Sanchezshire, CA 95636"
641,"617 Ramirez Mountains,
South Elizabethtown, OH 45145"
642,"78125 Hanson Turnpike,
Hansenview, MI 49450"
643,"78274 Deleon Grove,
Port Marissa, NY 13219"
644,"3843 Christina Neck,
North Theresamouth, NC 28377"
645,"8944 Griffith Station,
Aprilmouth, IL 61607"
646,"786 Chandler Viaduct,
Michaelmouth, NY 14733"
647,"737 Rodney Canyon,
Lake Kimberlymouth, MO 63535"
648,"6586 Long Land,
West Heather, GA 30077"
649,"462 Fisher Village,
Lake Annestad, PA 15747"
650,"9868 Ritter Landing,
Marshallland, AZ 85086"
651,"3099 Matthew Rue,
Evansbury, PA 16805"
652,"1330 Jennifer Wall,
North Cathy, MN 55133"
653,"72731 Little Estates,
South Jessica, CO 81210"
654,"36115 Eddie Center,
Lake Jenniferhaven, WI 53582"
655,"25165 Lang Dale,
North Raymondtown, SC 29829"
656,"943 Robert Mission,
Andersonbury, TX 75360"
657,"75605 Kristin Street,
Davisside, PA 17532"
658,"2542 Taylor Mall,
Gonzalezland, CA 92780"
659,"7578 Church Vista,
Mariatown, TX 75047"
660,"0652 Henderson Club,
Darlenemouth, IL 62622"
661,"4430 Evans Ports,
Smithmouth, IL 60678"
662,"740 Patricia Oval,
Lake Taraview, IL 60043"
663,"314 Jeanette Way,
New Emilyshire, CA 92260"
664,"5371 Russo Summit,
Hunterfurt, PA 17405"
665,"3011 Natasha Skyway,
West Meganmouth, AR 72370"
666,"10455 Charles Street,
Lake Emily, CO 80621"
667,"49069 Long Lake,
Sheppardmouth, IA 50532"
668,"3957 Diana Key,
Jacksonstad, ID 83214"
669,"8370 Anna Key,
Terrellside, NC 28003"
670,"51658 Frazier Extension,
Aliciaville, NY 14530"
671,"3399 Cervantes Square,
South Ryan, AR 72397"
672,"27107 Simmons Forest,
Brownside, NE 68058"
673,"62339 Lacey Trace,
North Jerome, FL 34146"
674,"985 Skinner Station,
West Danieltown, MO 63859"
675,"7687 Troy Curve,
Lake Nicholasfort, LA 70051"
676,"8734 Parks Heights,
Jasmineberg, VT 05860"
677,"0327 Brandy Mission,
East Claudia, CA 91803"
678,"410 Rebecca Plaza,
West Ryanborough, TN 37662"
679,"0969 Logan Points,
Rebeccaside, ND 58251"
680,"6847 Murray Drive,
Rebeccaburgh, WI 54765"
681,"0488 Richards View,
Jefffort, OH 45681"
682,"592 Bridget Road,
East Angela, NJ 08855"
683,"98811 Strickland Ways,
New Paul, UT 84623"
684,"37087 Murray Trafficway,
Port Robert, WI 54835"
685,"047 Samantha Corner,
South John, TX 78643"
686,"987 Jones Glens,
West Bobbyberg, NH 03845"
687,"771 Michelle Parkway,
North Nathan, DC 20081"
688,"86586 Zachary Village,
Zimmermanshire, VA 24281"
689,"09670 Bobby Haven,
Lake Sandrastad, GA 30154"
690,"53509 Krista Highway,
Port Aprilview, PA 19406"
691,"40126 Lindsey Light,
Jonathantown, AL 35552"
692,"480 Kristen Fords,
East Joshua, NY 13090"
693,"8350 Latoya Camp,
East Carlabury, MN 55416"
694,"32483 Holly Wall,
South Maria, NY 13031"
695,"513 Sharon Trail,
Johnland, MI 49645"
696,"245 Tony Ports,
Lake Micheleport, PA 15650"
697,"63222 Kenneth Burg,
East Andrewshire, NY 10128"
698,"11265 Rogers Tunnel,
Smithside, SD 57533"
699,"51656 Duncan Meadows,
Port Erin, MI 49116"
700,"5528 Barrett Squares,
Port Pamela, NM 88253"
701,"748 Sandra Well,
Nancybury, IA 52601"
702,"91003 Ross Station,
Port Timothymouth, OR 97432"
703,"2709 Gregory Road,
Parkerbury, OK 74108"
704,"342 Melanie Mountains,
West Jamestown, NJ 07184"
705,"5465 Rodney Harbor,
North Jenniferhaven, MI 49967"
706,"119 Juan Mall,
Lake Lauraborough, IA 50651"
707,"29742 Beasley Union,
West Mallorybury, TX 75712"
708,"8700 Allen Circles,
Jodiville, AZ 86506"
709,"34255 Osborne Motorway,
Harrisville, FL 33705"
710,"1275 Jessica Branch,
Lunatown, NC 27261"
711,"5951 Price Drive,
Sosashire, NJ 07074"
712,"891 Sheila Vista,
South Robertborough, IL 62312"
713,"3902 Chan Expressway,
Lake Jeffreyhaven, AL 35904"
714,"94106 Davis Forest,
Spencerport, IL 60560"
715,"6270 Jason Path,
Paulfort, IA 51201"
716,"35020 Jodi Well,
Port Kathy, MN 55960"
717,"940 Williams Shoals,
Williammouth, GA 30673"
718,"75950 Chapman Spurs,
Ashleemouth, TX 78240"
719,"869 Munoz Parks,
West Nicholas, MT 59928"
720,"61140 Frank Key,
Hughesburgh, IA 52157"
721,"715 Lee Islands,
Robertton, LA 71415"
722,"53250 Jenkins Rue,
Barronmouth, IA 52497"
723,"109 Hartman Centers,
East Stacymouth, IL 61402"
724,"3665 Paul Squares,
Sarahmouth, FL 32738"
725,"8339 Kelsey Meadows,
Fergusonmouth, NH 03860"
726,"0145 Adams Course,
North Daniel, NJ 08740"
727,"41515 Lisa Manor,
New Kylestad, AZ 86404"
728,"465 Fuller Locks,
South Sheila, NE 68517"
729,"9705 Andrew Wells,
Garciatown, WI 53010"
730,"1021 Brittany Forks,
Apriltown, MI 49952"
731,"571 Amanda Fields,
Joneschester, FL 32834"
732,"9409 Sherry Forest,
Anthonyton, TX 79745"
733,"2145 Jonathan Burgs,
Victoriafurt, TN 37186"
734,"64728 Lawson Fields,
Olsonhaven, FL 33133"
735,"408 Johnny Terrace,
Penamouth, CA 93249"
736,"91272 Seth Forks,
Marystad, IL 62261"
737,"4612 Matthew Ranch,
Lake Jefferyburgh, MT 59432"
738,"017 Jennifer Manor,
New Chadborough, NJ 08826"
739,"19207 Richard Point,
Port Amymouth, AL 35218"
740,"762 Randy Tunnel,
West Deannamouth, WI 54026"
741,"15074 Black Points,
Lestermouth, SC 29625"
742,"94762 Cindy Ridge,
Lake Kennethmouth, OH 43948"
743,"1456 Heather Shores,
Port Elizabeth, WA 98584"
744,"58450 Wilkins Islands,
Brewerbury, MN 55942"
745,"92389 Ellis Bypass,
Lake Morgan, TN 37868"
746,"88025 Todd Lane,
Allenfurt, NE 69028"
747,"311 Rodriguez Alley,
Jordanborough, MD 21764"
748,"993 Davis Drive,
Port Kaylaside, TX 78076"
749,"9523 Bray Extension,
New Toddton, NY 11779"
750,"50372 Dustin Skyway,
Wolfeborough, HI 96757"
751,"5998 Hamilton Divide,
South Nicholas, CO 80538"
752,"329 Patricia Throughway,
Howardhaven, AZ 85732"
753,"92687 Odom River,
New Kim, MA 02637"
754,"02395 Ashley Summit,
East Scottfurt, IL 61088"
755,"3808 Poole Mews,
Toddview, NY 13331"
756,"805 Amy Causeway,
Weaverview, MN 55712"
757,"268 Hall Turnpike,
Halebury, TN 37370"
758,"9912 Michael Unions,
North Rhonda, CA 93116"
759,"33498 Walter Field,
New Christopherfurt, MO 64677"
760,"293 Darlene Cliffs,
Michaelmouth, AL 35179"
761,"2372 Lynch Plain,
Ashleyburgh, AR 72219"
762,"96377 Dickerson Burg,
Youngville, MI 49055"
763,"590 Reed Way,
Patrickport, ME 04070"
764,"11582 Erin Villages,
Millerberg, GA 30165"
765,"76755 Ramirez Locks,
West Timothy, MS 39175"
766,"369 Samantha Crossing,
Johnville, MI 48876"
767,"5321 Colleen Ridge,
Lake John, TX 76675"
768,"114 Alexander Stravenue,
Josephfort, TX 78022"
769,"087 Justin Courts,
Port Meganmouth, SC 29448"
770,"2341 Elizabeth Point,
New Robert, NJ 07444"
771,"5324 Delgado Ports,
South Juliafort, MO 65552"
772,"685 Kramer Junctions,
North Karen, IN 47879"
773,"0734 Tammy Turnpike,
Parksport, NE 68640"
774,"13288 Moore Street,
New Colleenmouth, NY 14525"
775,"30215 Garcia Orchard,
South Brittany, GA 31761"
776,"618 Daniel View,
Richardview, VA 24029"
777,"5672 Lopez Expressway,
Mooneytown, ME 04263"
778,"72463 Grant Passage,
Hintonchester, MD 20608"
779,"15748 Jenny Center,
East Ashleyfurt, IL 62434"
780,"193 Lara Plains,
Tiffanyside, NJ 08242"
781,"7796 Hubbard Vista,
South Samantha, KS 67277"
782,"19348 Kerr Skyway,
Petersonville, TX 75080"
783,"07229 Schmitt Mall,
Sheilamouth, MT 59410"
784,"83217 Smith Islands,
Joshuaside, OH 44062"
785,"0770 David Drive,
South Russell, WI 54103"
786,"1374 Shelton Manors,
Coleland, FL 32625"
787,"752 Sheila Harbor,
Martinezbury, WA 99029"
788,"8862 Zachary Junction,
Janetchester, NE 68307"
789,"9108 Campbell Prairie,
South David, AR 72035"
790,"421 Caleb Heights,
West Johnside, TN 37683"
791,"52657 William Rest,
Arthurmouth, ND 58081"
792,"342 Buck Ridges,
Valdezburgh, PA 17536"
793,"026 Potts Mews,
North Kathryn, PA 15633"
794,"839 Moore Glen,
Port Miguelton, PA 17843"
795,"66004 Katrina Mountains,
Port Anaville, TN 38118"
796,"8665 Hoffman Estates,
Boyleside, FL 32631"
797,"0796 Jessica Prairie,
West Amyview, UT 84090"
798,"50598 James Wells,
Brewerfurt, PA 15925"
799,"059 Ricky Mountains,
North Jessica, NE 69166"
800,"914 Macias Crossing,
North Kathryn, TX 88572"
801,"01765 Vargas Grove,
Amandaland, ID 83842"
802,"098 Teresa Locks,
West Nathanfurt, IL 61108"
803,"4567 Perez Crest,
Loganfort, TX 77292"
804,"820 Khan Harbor,
West Christyborough, KY 40004"
805,"76533 Pamela Well,
Laceyview, AK 99590"
806,"39679 Huang Park,
Williammouth, IL 60550"
807,"0629 Baker Hills,
Gregorychester, AL 35587"
808,"92073 Mills Forks,
North Ralphfort, CO 81248"
809,"53586 Giles Throughway,
Perezport, NY 10598"
810,"64236 Ashley Hills,
Melissaside, MN 56141"
811,"008 Kristine Plaza,
Port Craigchester, PA 16059"
812,"730 Bush Heights,
South Nancyton, KY 40981"
813,"166 Theodore Point,
South Stevenshire, ME 04354"
814,"624 Richard Bypass,
Evanfort, AR 72761"
815,"53914 Cruz Trace,
Ellisberg, VA 22640"
816,"83862 Randy Roads,
Alejandroport, IL 62540"
817,"59601 Travis Pike,
South Martintown, AR 71667"
818,"881 Saunders Oval,
Barbarafort, ME 04268"
819,"73828 Michael Plains,
Bassborough, MA 02452"
820,"01533 Schmidt Corner,
Port Debbiemouth, OH 44828"
821,"2004 Deborah Garden,
New Lori, CT 06074"
822,"960 Miller Route,
South Linda, NJ 07952"
823,"85548 Adams Summit,
West Amandashire, MI 49863"
824,"9557 Shirley Inlet,
Christopherport, PA 19092"
825,"0348 David Loop,
Townsendview, DC 20463"
826,"1349 Jerome Hollow,
West Kimhaven, SC 29250"
827,"846 Martinez Oval,
West Ashleyshire, MS 38617"
828,"0435 Ian Villages,
Mckinneyhaven, NC 28816"
829,"0369 Lynn Roads,
Jessicafort, FL 34688"
830,"3403 Daisy Shores,
Lake Joelside, PA 17801"
831,"2519 Elizabeth Park,
South Donald, IA 52655"
832,"83337 Scott Ford,
Samanthaville, IN 47346"
833,"027 Bryan Way,
Gomezfort, WA 98007"
834,"49666 Huang Road,
Jeffreyville, OK 74865"
835,"2253 Michael Flats,
Wallacestad, FL 33406"
836,"959 Jerome Turnpike,
East Kevintown, WI 54937"
837,"4063 Brown Underpass,
South Michellefurt, CO 80446"
838,"213 Armstrong Fields,
Kimberlyfort, NH 03220"
839,"5889 Courtney Tunnel,
Christinaborough, KS 66101"
840,"549 Burgess Island,
Salazarborough, NY 13648"
841,"5524 Hart Trafficway,
Port Scottburgh, AL 36872"
842,"8005 Burton Squares,
Lake Erik, IL 61734"
843,"6266 William Crossroad,
West Natalie, WA 98045"
844,"491 Teresa Shores,
East Stevenview, TN 37098"
845,"5353 Arnold Meadows,
Perezstad, MD 21152"
846,"7925 Vicki Via,
Hallmouth, OK 74533"
847,"70968 Heather Hills,
West Christopher, MT 59931"
848,"08136 Yvette Center,
South Duanebury, VA 24486"
849,"6536 Cook Via,
East Sarahchester, TX 78619"
850,"792 Edwards Trail,
New Stephanie, OR 97104"
851,"74756 Fuentes Via,
Stephenshaven, ND 58261"
852,"6154 Brown Points,
South Janet, PA 19041"
853,"901 Jamie Center,
Michaelburgh, TN 37990"
854,"9954 William Hollow,
Stephaniemouth, ME 04109"
855,"94171 Mike Turnpike,
Gallowayland, OH 43614"
856,"2020 Angel Cove,
Port Angela, WI 54119"
857,"8314 Cynthia Key,
South Rebeccaport, MN 55924"
858,"3523 Stephen Overpass,
Port Katelynmouth, DE 19902"
859,"487 Juan Lane,
East Haileybury, TX 76861"
860,"532 Thompson Dam,
Mendozafurt, VA 22215"
861,"0107 Lori Glen,
Jensenville, FL 34869"
862,"27864 Deanna Place,
Millsshire, TX 79928"
863,"327 Frederick Village,
Robertside, CA 95949"
864,"887 Rhonda Harbors,
New Loriview, NM 88134"
865,"09221 Cassandra Forks,
Port Georgeland, NH 03579"
866,"768 Robert Crossroad,
North Evanhaven, TX 79108"
867,"25951 Sexton Drive,
Thompsonshire, TX 78465"
868,"551 Sheila Springs,
Karenport, NY 14530"
869,"3251 Williams Lakes,
Castillomouth, NY 11220"
870,"95331 Guzman Inlet,
West Austinport, CA 92415"
871,"794 Michael Plains,
New Emilymouth, KY 42103"
872,"2699 Holly Stravenue,
Leefurt, PR 00959"
873,"7818 Martinez Island,
East Melissaland, FL 32727"
874,"2402 Julia Burg,
Brianfort, KS 66528"
875,"974 Brown Haven,
South Davidchester, OR 97002"
876,"1884 Danny Point,
Marshburgh, VA 23822"
877,"90261 Howard Islands,
Cookland, CA 95128"
878,"213 Wade Forge,
West Cathyland, WI 53577"
879,"6685 Ryan Square,
Victoriaton, VA 22046"
880,"971 Reynolds Ramp,
Thorntonport, MN 55931"
881,"5699 Rebekah Lake,
Brittanyside, AR 72103"
882,"40507 Shawna Estates,
South Victoriabury, MA 02403"
883,"6672 Gary Key,
North Brendatown, CA 91497"
884,"639 Haley Spur,
North Scottfurt, VA 22118"
885,"3869 Reed Roads,
Loganside, WV 25161"
886,"684 Richard Cliff,
Lake Williamshire, OH 43964"
887,"9500 Nicholas Flats,
West Dylanton, IA 50440"
888,"54098 Hunter Square,
North Sandybury, CA 95462"
889,"805 Rodriguez Pass,
Jeffreyshire, IA 50009"
890,"2186 Shepherd Glen,
Maysview, PA 17213"
891,"08002 Richard Fort,
South Christineside, IL 60966"
892,"72121 Graves Manor,
Jamesside, OH 43605"
893,"0267 Wright Park,
Santosshire, NY 11765"
894,"0916 Harrison Brooks,
Arianamouth, WA 98550"
895,"32384 Davis Islands,
Port Vicki, MD 21776"
896,"38997 Russell Crossing,
Curtiston, MN 55060"
897,"2973 Jennifer Cove,
South Morganmouth, AZ 85745"
898,"67554 Roberts Way,
New Jose, IA 50161"
899,"3575 Theresa Parkway,
North Brianmouth, MT 59105"
900,"812 Randy Streets,
South Toddbury, NC 27916"
901,"308 Wendy Causeway,
Grahamburgh, WV 26040"
902,"318 Lopez Corner,
Montesside, NJ 07104"
903,"7997 David Locks,
West Josephton, CO 81001"
904,"7805 Dixon Run,
Walterhaven, IA 50258"
905,"1059 Angela Shore,
North Michaelview, TX 79989"
906,"212 Craig Shores,
East Stephanie, NH 03057"
907,"674 Stephen Lakes,
New Ericberg, MI 48654"
908,"8072 Barbara Grove,
Katherinemouth, AR 72327"
909,"92700 Wilson Shores,
South Jacobport, IL 60445"
910,"79200 Felicia Summit,
South Davidberg, MN 55769"
911,"957 Brian Estates,
Markhaven, MD 20722"
912,"230 Amanda Land,
East Corychester, WA 98944"
913,"73205 Wagner Heights,
South Scott, NC 28407"
914,"626 Moore Land,
Lake Thomas, PA 15053"
915,"0868 Freeman Landing,
East Stephenburgh, CA 92082"
916,"276 Wells Ports,
New Melanie, SD 57773"
917,"1217 Aaron Curve,
East Michael, WI 54301"
918,"5829 Aaron Crescent,
North Jonathanville, OH 44427"
919,"424 Jessica Shore,
Lake Christopherfort, RI 02898"
920,"6379 Sanders Cliffs,
West Shelbychester, OK 74051"
921,"3697 Rodriguez Unions,
Lake Amandaberg, CA 95130"
922,"5364 Hart Hill,
West Brenda, GA 31206"
923,"9728 Palmer Fort,
East Terrance, FL 33337"
924,"56164 Loretta Flat,
Lake Debra, WA 98946"
925,"49944 Baker Light,
West Jenniferhaven, IL 62627"
926,"889 Samantha Radial,
Port Margaretstad, MO 63381"
927,"19983 Dana Estates,
West Erin, CA 96002"
928,"742 Clarence Coves,
New Joseph, IL 60185"
929,"0760 Chad Mountain,
Danieltown, PA 17840"
930,"36420 Reid Pike,
North Kevin, LA 71018"
931,"21522 Jason Plains,
East Nancyview, SD 57192"
932,"16827 Scott Summit,
South Jasonton, TX 79185"
933,"02437 Teresa Rapids,
Vasquezberg, TN 38021"
934,"2892 Taylor Burg,
Rogerborough, MA 02111"
935,"7059 Hayes Mountains,
North Jonathan, CA 95913"
936,"50206 Sanders Shores,
Lawrenceville, WA 98230"
937,"63455 Stevenson Valley,
Lake Yvonne, PA 15270"
938,"174 Evans Burgs,
Colemanbury, MO 64086"
939,"15727 Tammy Points,
East Ashleyhaven, OH 44711"
940,"128 Thompson Causeway,
Nicholstown, NY 10041"
941,"2005 Rivera Spring,
Lewisburgh, KS 67203"
942,"20455 Jessica Stravenue,
Schwartzville, AR 72617"
943,"9797 Smith Gardens,
Garyside, TX 88529"
944,"50229 Howard Mission,
Hortonton, IA 51111"
945,"943 Green Spring,
Hollyview, CA 90503"
946,"0520 Colon Rapids,
Hoopershire, NM 88009"
947,"809 Carl Drive,
South Brittany, NV 89496"
948,"733 John Courts,
Lake David, MN 56761"
949,"7459 Terry Ports,
New Daniel, CA 95813"
950,"134 Gregory Avenue,
Port Michaelfort, HI 96820"
951,"0324 Burton Brooks,
North Danielle, CA 94177"
952,"02956 Kayla Greens,
West Whitney, UT 84738"
953,"905 Ochoa Ferry,
North Katieton, MN 55042"
954,"5388 Brown Bridge,
North Lorimouth, MN 56097"
955,"41834 Tonya Station,
Shellyport, AR 72206"
956,"182 Robbins Island,
North Travis, NY 12750"
957,"97170 Mooney Trace,
Millerfurt, NJ 07461"
958,"00085 Sandra Freeway,
Khanton, CA 90067"
959,"546 Farley Grove,
Vargasmouth, NC 28372"
960,"06559 Jack Unions,
New Ray, NC 28461"
961,"046 Munoz Rest,
Townsendstad, TX 77068"
962,"8367 Christina Inlet,
Rhodesville, PA 15925"
963,"378 Arellano Mountain,
Bishopside, SD 57455"
964,"6120 Mann Mission,
South Hannahstad, TX 77406"
965,"332 Jeffery Dam,
South Lisahaven, MI 48611"
966,"51896 Deborah Pines,
South Latashamouth, CA 95133"
967,"695 Jackie Canyon,
New Christopher, MD 20601"
968,"8913 Lewis Glens,
Port Tyler, NY 11425"
969,"99421 Cesar Circles,
North Evelyn, NY 12288"
970,"286 Amber Valleys,
Josephborough, MA 01842"
971,"46998 Harrison Radial,
Williamsview, CA 92192"
972,"186 Elizabeth Row,
Andrewland, MA 01509"
973,"94429 Tara Stream,
Colleenport, NE 68037"
974,"025 Gordon Street,
East Deanmouth, DC 20080"
975,"97751 Bennett Points,
North Sarahstad, WA 98447"
976,"91047 Cardenas Cliff,
Boyerfurt, NY 12154"
977,"5903 Elizabeth Mall,
Robertsfort, MI 49934"
978,"2568 Amanda Drives,
Walkertown, AL 36110"
979,"2806 Matthew Shoal,
Port Lynn, TX 75462"
980,"9098 Hart Garden,
Kingshire, IA 50665"
981,"8340 Snyder Stravenue,
Simpsonmouth, MN 56647"
982,"265 Brown Creek,
Roberthaven, IN 47666"
983,"600 Stone Mills,
Melvinfurt, VA 23023"
984,"8748 Holly Walk,
Cruzstad, MT 59806"
985,"421 Hughes Track,
South Tiffanyport, OK 73128"
986,"3205 Yu Crossroad,
Tannerport, IL 61914"
987,"153 Nichole Circles,
Lake Alexandrastad, FL 34973"
988,"146 Emily Overpass,
North Amystad, CA 90831"
989,"81359 Jeremy Spurs,
Stefaniemouth, TX 76182"
990,"184 Lisa Views,
Chandlerbury, VA 22649"
991,"22044 Donna Rapid,
Shawnstad, MI 49684"
992,"8616 Hunter Burgs,
East Waynefort, MS 38912"
993,"474 Matthew Meadow,
Danielshire, MO 64643"
994,"58245 Travis Estates,
Port Gabrielaville, PA 15828"
995,"876 Sydney Point,
Cynthialand, SD 57037"
996,"269 Tate Island,
Port Matthew, NY 14585"
997,"39193 Teresa Court,
Port Marc, VA 24127"
998,"5780 Armstrong Ferry,
Kristophermouth, TX 78385"
999,"73644 Amanda Route,
Kingside, FL 34947"
1000,"016 Santiago Landing,
Amandastad, OH 43341"
