1,85,89,Religious interesting without majority.,1127.38,2021-09-23 10:44:51
2,61,80,Can area degree book million bad forward.,878.20,2021-09-23 10:44:51
3,73,20,Away behind try million field.,559.40,2021-09-23 10:44:51
4,77,5,Big upon free action moment. Girl fact usually.,561.40,2021-09-23 10:44:51
5,78,87,Fund service break especially.,91.08,2021-09-23 10:44:51
6,22,96,Great decision floor until forget usually.,1721.25,2021-09-23 10:44:51
7,58,7,Size consumer choice whom great per role.,1490.15,2021-09-23 10:44:51
8,96,35,Ability contain same something.,702.43,2021-09-23 10:44:51
9,18,69,Start quality near billion natural movement.,668.63,2021-09-23 10:44:51
10,98,28,Action middle discuss television few.,576.74,2021-09-23 10:44:51
11,21,51,Church take serious authority.,142.68,2021-09-23 10:44:51
12,19,95,Physical assume health read.,127.32,2021-09-23 10:44:51
13,55,58,And suddenly alone marriage wind wide property.,1394.94,2021-09-23 10:44:51
14,13,87,Also audience bar seat.,554.34,2021-09-23 10:44:51
15,71,56,Impact off expect table young line.,615.92,2021-09-23 10:44:51
16,49,55,Participant other clearly recent possible work.,1060.98,2021-09-23 10:44:51
17,88,66,Note laugh almost once protect region speech.,1980.54,2021-09-23 10:44:51
18,44,100,Process already within report make sell.,1479.09,2021-09-23 10:44:51
19,25,32,Method herself want image teach imagine case enjoy.,1381.58,2021-09-23 10:44:51
20,8,37,Play open history low.,1234.48,2021-09-23 10:44:51
21,81,7,Ever matter use almost. Decade federal police local.,170.58,2021-09-23 10:44:51
22,17,76,Day travel you write popular their none.,757.69,2021-09-23 10:44:51
23,29,30,Father lead term theory.,340.70,2021-09-23 10:44:51
24,89,94,Movie number provide show smile thank beat.,229.26,2021-09-23 10:44:51
25,20,55,Analysis quite institution later all.,763.63,2021-09-23 10:44:51
26,53,73,Door indicate into tax family.,85.10,2021-09-23 10:44:51
27,28,94,Them question condition maintain wall.,1339.95,2021-09-23 10:44:51
28,31,94,Place leave space not rise move strong effort.,1862.14,2021-09-23 10:44:51
29,53,10,Marriage line fire. Watch term go likely loss tree.,23.76,2021-09-23 10:44:51
30,2,10,Rest section machine officer somebody himself life.,963.67,2021-09-23 10:44:51
31,49,17,Serve cost half require hard group in dream.,1368.99,2021-09-23 10:44:51
32,64,52,Forward mouth card.,150.98,2021-09-23 10:44:51
33,9,87,Reduce candidate stand early.,810.07,2021-09-23 10:44:51
34,54,45,Cultural project crime stand old health.,679.45,2021-09-23 10:44:51
35,100,63,To officer cup head. Today positive well.,611.14,2021-09-23 10:44:51
36,63,60,Control board by green rock character.,711.13,2021-09-23 10:44:51
37,6,27,Art somebody beat like focus.,291.49,2021-09-23 10:44:51
38,38,60,Word particular up.,1966.62,2021-09-23 10:44:51
39,19,48,Speech two month your some.,1640.63,2021-09-23 10:44:51
40,82,32,Able reveal test east in.,1656.03,2021-09-23 10:44:51
41,100,91,Design box local type story best.,953.93,2021-09-23 10:44:51
42,39,55,Street community carry car.,731.09,2021-09-23 10:44:51
43,95,41,Claim say peace. Cost lawyer design not.,81.10,2021-09-23 10:44:51
44,96,91,Story thing focus.,1650.93,2021-09-23 10:44:51
45,8,64,Seat will country kitchen camera decade.,823.06,2021-09-23 10:44:51
46,99,21,Policy quite president fill do prepare trade.,348.66,2021-09-23 10:44:51
47,80,95,Watch expect Republican security draw very always.,1553.79,2021-09-23 10:44:51
48,98,39,Audience feeling eye determine official.,379.02,2021-09-23 10:44:51
49,59,7,Little vote trip break Congress white.,1049.01,2021-09-23 10:44:51
50,33,46,Speech thank general let list view.,888.65,2021-09-23 10:44:51
51,87,71,Student page people night throughout.,724.84,2021-09-23 10:44:51
52,59,91,Interesting would middle.,1556.30,2021-09-23 10:44:51
53,28,39,Join successful particularly property personal.,1849.47,2021-09-23 10:44:51
54,3,78,Between data treat water oil.,210.38,2021-09-23 10:44:51
55,91,42,Democrat box among idea after product.,229.50,2021-09-23 10:44:51
56,32,3,Prove field occur.,37.24,2021-09-23 10:44:51
57,66,22,Instead shake development must society.,1072.82,2021-09-23 10:44:51
58,30,79,Visit citizen product research attention.,1196.61,2021-09-23 10:44:51
59,34,32,Trial share whom when wide friend modern.,1801.29,2021-09-23 10:44:51
60,27,39,Unit senior kid consider public reason culture.,1400.61,2021-09-23 10:44:51
61,24,36,Per marriage many note. Moment short soldier.,654.98,2021-09-23 10:44:51
62,42,93,Operation sense become threat consumer structure will.,1265.79,2021-09-23 10:44:51
63,65,71,Manage care media great message.,1460.91,2021-09-23 10:44:51
64,53,61,Everything kid choose buy offer wide remain.,149.25,2021-09-23 10:44:51
65,46,70,Claim model its many water evening as.,125.93,2021-09-23 10:44:51
66,65,49,Property meeting writer research.,161.49,2021-09-23 10:44:51
67,24,55,Establish close stop upon.,191.54,2021-09-23 10:44:51
68,87,32,Statement east record someone identify.,582.61,2021-09-23 10:44:51
69,67,45,Like protect left religious.,1929.35,2021-09-23 10:44:51
70,23,27,Report off cover kitchen. Fast two month federal.,316.76,2021-09-23 10:44:51
71,34,52,Worry election expert leader agent though.,455.56,2021-09-23 10:44:51
72,53,100,Here TV almost none those enter.,1358.27,2021-09-23 10:44:51
73,69,83,Measure occur black race other.,1799.71,2021-09-23 10:44:51
74,26,36,Major most hear rich until everybody.,63.88,2021-09-23 10:44:51
75,22,89,Less remain moment indicate.,355.39,2021-09-23 10:44:51
76,38,95,Treatment price TV also.,1015.25,2021-09-23 10:44:51
77,98,86,Off different tough bed throw admit such certainly.,843.59,2021-09-23 10:44:51
78,32,82,Plant window collection white likely hard.,1010.42,2021-09-23 10:44:51
79,87,83,Stop few less poor.,1703.06,2021-09-23 10:44:51
80,48,5,What war including style grow player phone rock.,1548.84,2021-09-23 10:44:51
81,47,22,Notice window that hundred born would body.,1351.15,2021-09-23 10:44:51
82,67,89,Well defense morning daughter evidence politics note.,701.06,2021-09-23 10:44:51
83,39,93,Short area financial generation interesting allow.,520.41,2021-09-23 10:44:51
84,84,91,Machine name meet quality common business people.,448.07,2021-09-23 10:44:51
85,86,88,Girl vote TV huge. Save author only.,1593.24,2021-09-23 10:44:51
86,58,84,Almost identify certain significant.,647.74,2021-09-23 10:44:51
87,10,60,Future establish agree if another throughout attack.,1771.49,2021-09-23 10:44:51
88,67,28,Worry military ten company order method degree and.,1465.62,2021-09-23 10:44:51
89,91,29,Wear notice board actually student hospital area.,1823.72,2021-09-23 10:44:51
90,11,90,Within nor agent good.,1033.22,2021-09-23 10:44:51
91,46,98,Any particularly condition throughout.,1084.03,2021-09-23 10:44:51
92,38,22,Store senior think involve.,102.47,2021-09-23 10:44:51
93,7,47,No garden court hear lot.,1787.84,2021-09-23 10:44:51
94,85,50,She in the imagine score some already.,631.79,2021-09-23 10:44:51
95,10,57,Bill reach cultural. Late vote myself culture.,1169.19,2021-09-23 10:44:51
96,59,9,Customer season whether.,882.36,2021-09-23 10:44:51
97,49,55,Deep compare return accept who social around.,1854.19,2021-09-23 10:44:51
98,27,28,Land perhaps hotel political second upon.,1868.56,2021-09-23 10:44:51
99,65,26,Part body perhaps west use.,186.04,2021-09-23 10:44:51
100,30,1,Guess per join collection notice car.,1443.32,2021-09-23 10:44:51
101,30,16,Shake happy lawyer upon produce production.,1518.26,2021-09-23 10:44:51
102,49,82,Sound nice there few.,376.87,2021-09-23 10:44:51
103,1,67,Different somebody most firm.,568.97,2021-09-23 10:44:51
104,80,69,Deal billion yeah one drug.,1236.39,2021-09-23 10:44:51
105,33,21,Responsibility box Republican front.,1738.37,2021-09-23 10:44:51
106,33,42,Myself both such up three cultural write.,332.40,2021-09-23 10:44:51
107,10,5,Security common least none measure run continue.,1699.75,2021-09-23 10:44:51
108,86,78,Chance news forget rate sometimes myself finish even.,1810.87,2021-09-23 10:44:51
109,81,53,Successful month thing American during section every.,395.44,2021-09-23 10:44:51
110,64,2,System anyone culture line example.,1441.32,2021-09-23 10:44:51
111,40,25,Oil home four consumer human.,254.93,2021-09-23 10:44:51
112,70,64,Crime indicate itself. Hit order involve other free.,316.73,2021-09-23 10:44:51
113,80,29,Hotel part industry none.,764.09,2021-09-23 10:44:51
114,84,73,Politics phone require institution evening.,526.06,2021-09-23 10:44:51
115,56,5,Run number play door bring resource education recent.,542.59,2021-09-23 10:44:51
116,35,13,Lawyer note bad before article eight well.,1462.95,2021-09-23 10:44:51
117,49,52,Physical student officer hope.,1923.38,2021-09-23 10:44:51
118,60,82,Record sure agent describe within tell after.,903.57,2021-09-23 10:44:51
119,77,26,Carry since sit common draw smile.,1560.99,2021-09-23 10:44:51
120,20,32,Summer the series stock attack despite present.,866.72,2021-09-23 10:44:51
121,30,34,Because score still establish end fund serve.,1888.45,2021-09-23 10:44:51
122,33,80,List lot everybody campaign opportunity.,1533.00,2021-09-23 10:44:51
123,99,22,Tax bag owner for serious. Agree skill house process.,739.14,2021-09-23 10:44:51
124,22,82,Trial result create.,168.14,2021-09-23 10:44:51
125,16,9,Since black easy parent either turn media simply.,383.78,2021-09-23 10:44:51
126,33,42,Democratic concern find travel school.,962.33,2021-09-23 10:44:51
127,76,13,Hospital who production Mrs since. Expert real send.,559.09,2021-09-23 10:44:51
128,48,69,Miss government speech.,1496.59,2021-09-23 10:44:51
129,97,44,Executive improve notice.,1845.36,2021-09-23 10:44:51
130,73,31,Worry amount itself light.,1320.82,2021-09-23 10:44:51
131,80,46,Study fall author class let vote.,321.85,2021-09-23 10:44:51
132,54,82,Start ago speak defense table military.,1170.40,2021-09-23 10:44:51
133,93,58,None bill usually must exactly foot.,720.69,2021-09-23 10:44:51
134,33,86,Her risk believe concern theory.,1090.21,2021-09-23 10:44:51
135,6,81,Color remember hotel skin.,265.57,2021-09-23 10:44:51
136,5,91,Article serve team job where.,713.46,2021-09-23 10:44:51
137,24,7,How science cup them natural security.,1471.47,2021-09-23 10:44:51
138,14,80,Himself expect probably head foot high government.,702.67,2021-09-23 10:44:51
139,74,31,Religious truth middle enough old.,663.49,2021-09-23 10:44:51
140,50,3,Opportunity myself rise show firm.,859.34,2021-09-23 10:44:51
141,46,93,South turn model hair religious ago area.,1027.42,2021-09-23 10:44:51
142,70,57,Group cultural couple size court.,1926.82,2021-09-23 10:44:51
143,41,58,Show lead simple loss mother us difference.,731.70,2021-09-23 10:44:51
144,24,43,Evening approach whose today simple party.,399.29,2021-09-23 10:44:51
145,84,43,Total military recent treat no scene.,1002.51,2021-09-23 10:44:51
146,21,65,Hair her person cell bag let evening quite.,382.62,2021-09-23 10:44:51
147,80,99,Win money drive community power onto start.,1021.80,2021-09-23 10:44:51
148,75,37,Full surface should expect item measure miss property.,1787.94,2021-09-23 10:44:51
149,20,33,A answer southern do.,1203.31,2021-09-23 10:44:51
150,99,11,Into new involve summer.,394.67,2021-09-23 10:44:51
151,61,86,Social toward light final customer their house.,73.56,2021-09-23 10:44:51
152,36,32,Air build he hard these effort.,425.23,2021-09-23 10:44:51
153,21,84,Total quality take total summer same any admit.,742.96,2021-09-23 10:44:51
154,88,87,Officer major direction factor career baby.,450.58,2021-09-23 10:44:51
155,98,26,Myself feel hospital look since. Art fact good.,1383.71,2021-09-23 10:44:51
156,10,17,Community foreign professional Democrat animal.,981.84,2021-09-23 10:44:51
157,64,35,Dark down but increase yeah shake.,1824.15,2021-09-23 10:44:51
158,31,62,College edge student trial window politics.,717.10,2021-09-23 10:44:51
159,54,98,Age must technology name trip race call.,16.96,2021-09-23 10:44:51
160,59,63,Future control interesting east.,702.31,2021-09-23 10:44:51
161,64,94,Chance feeling pass high.,838.11,2021-09-23 10:44:51
162,18,1,Case field describe manager bring seat speech.,1586.40,2021-09-23 10:44:51
163,85,88,Body see see long option.,871.05,2021-09-23 10:44:51
164,22,30,Though miss give talk employee finish kitchen.,1643.64,2021-09-23 10:44:51
165,36,56,Space election land couple heart right.,398.07,2021-09-23 10:44:51
166,45,55,Film western serve quite candidate five beyond.,294.85,2021-09-23 10:44:51
167,48,25,Mrs your technology economy figure us.,959.38,2021-09-23 10:44:51
168,45,9,Interesting cover all me may hair.,991.22,2021-09-23 10:44:51
169,42,67,Turn every bit thousand positive air either.,1063.48,2021-09-23 10:44:51
170,22,30,Like of price may suddenly step.,1334.16,2021-09-23 10:44:51
171,84,46,Recent writer likely inside.,745.10,2021-09-23 10:44:51
172,35,19,Girl why play me operation build look.,1826.20,2021-09-23 10:44:51
173,54,80,Doctor fight popular.,1658.75,2021-09-23 10:44:51
174,70,15,Modern activity life type skill result.,72.71,2021-09-23 10:44:51
175,100,47,Time let two gun born rich hold.,322.67,2021-09-23 10:44:51
176,73,88,Crime more shoulder purpose. Kid forward write.,107.03,2021-09-23 10:44:51
177,48,65,Budget position page dinner break.,1012.89,2021-09-23 10:44:51
178,32,38,Financial computer able your song agency walk.,94.44,2021-09-23 10:44:51
179,85,35,For space decision activity affect himself even.,753.83,2021-09-23 10:44:51
180,21,23,Public play world meet television discussion.,1149.47,2021-09-23 10:44:51
181,55,28,Forget detail identify forward.,1026.57,2021-09-23 10:44:51
182,89,7,Effort explain yourself buy our idea.,496.32,2021-09-23 10:44:51
183,96,47,Treat until and south bad impact.,1844.26,2021-09-23 10:44:51
184,46,20,Still note good leader. Growth arrive reduce account.,808.64,2021-09-23 10:44:51
185,20,86,Thing truth interview be administration support.,1930.41,2021-09-23 10:44:51
186,34,6,Institution development left whole.,646.16,2021-09-23 10:44:51
187,27,84,Respond address if.,1832.43,2021-09-23 10:44:51
188,63,32,Scene recently population most.,868.33,2021-09-23 10:44:51
189,30,18,Take water not final room woman simple natural.,1500.24,2021-09-23 10:44:51
190,48,47,Simple last pass.,725.43,2021-09-23 10:44:51
191,9,62,North leave decade space environment science we.,1982.52,2021-09-23 10:44:51
192,89,61,Population laugh chance. Bed science chair.,1596.14,2021-09-23 10:44:51
193,55,43,Box amount possible item type most determine.,1552.95,2021-09-23 10:44:51
194,48,68,Congress marriage buy test nation.,1311.89,2021-09-23 10:44:51
195,87,7,Although product woman general beyond.,1854.35,2021-09-23 10:44:51
196,60,69,Off human democratic stock describe benefit school.,1039.37,2021-09-23 10:44:51
197,17,59,House range protect teacher. Its public dog place.,1918.65,2021-09-23 10:44:51
198,65,25,Build management something yeah let.,1835.73,2021-09-23 10:44:51
199,75,38,Fill magazine old series might.,1185.49,2021-09-23 10:44:51
200,99,48,Add hold us reflect after feeling.,38.28,2021-09-23 10:44:51
